﻿<?xml version="1.0" encoding="utf-8"?>
<AreaMaps xmlns:xsi="http://www.w3.org/2001/XMLSchema-instance" xmlns:xsd="http://www.w3.org/2001/XMLSchema">

<!--评级枚举定义
	F 0
	D 1
	C 2
	B 3
	A 4
	S 5
	SS 6
	SSS 7
-->

<!--解锁条件枚举定义
	背包中衣服数量限制 	 1
	特定类型衣服数量限制  2
	某关卡评级结果限制    3 
-->

<!--Map  Id地图id (全局唯一); Name地图名称(string); IconId地图预览图文件名(string)-->
  <Map Id="1" Name="北京" IconId="beijing">
    <!--MapUnlockCondition区域地图解锁条件; Type(解锁条件枚举定义); Value(string 解锁条件的数值)-->
    <MapUnlockCondition Type="1" Value="1" />
    <MapUnlockCondition Type="2" Value="2" />
    <!--区域地图正式使用图片名称-->
    <ImageList>
      <Image>bj_1</Image>
      <Image>bj_2</Image>
    </ImageList>
    <!--Level Id关卡id(int 全局唯一); Name关卡名称(string); FinishGrade过关最低评级（评级枚举定义）; 
	LimiteTime过关限制时间(int >= 0); RewardId奖励id(int 对应到rewards表中的id);DialogId剧情对话id(int 对应到leveldialog表中id)-->
    <Level Id="1" Name="初次搭配" FinishGrade="1" LimiteTime="100" RewardId="1" DialogId="1">
      <RatingRule>
	<!--Grade评级(评级枚举定义);MaxScore级别最高得分(int >= 0);UsePower消耗体力(int >= 0)-->
        <GradeInfo Grade="1" MaxScore="100" UsePower="20" />
        <GradeInfo Grade="2" MaxScore="1000" UsePower="50" />
      </RatingRule> 
	  <!--关卡解锁条件; Type(解锁条件枚举定义); Value(string 解锁条件的数值)-->
      <UnLockCondition Type="1" Value="1" />
      <UnLockCondition Type="2" Value="2" />
      <!--评分因子-->
      <RatingFactor>
        <!--Style风格, Id(int 对应attribute表中的StyleList id)，Ratio加权值(float [-1,1])-->
        <Style Id="4" Ratio="0.4" />
        <Style Id="6" Ratio="0.2" />
	<!--特征 Type特征分类id(int 参看attribute表中的特征范围定义)，Id具体特征项id(int 参看attribute表中的特征定义)，Ratio特征因子(float [-1,1])-->
        <Attribute Type="0" Id="6" Ratio="0.15" />
        <Attribute Type="0" Id="7" Ratio="0.15" />
        <!--SpecialItem特殊物品，Id(int 唯一物品Id)，Score特殊物品分数(int (任意整型))-->
        <SpecialItem Id="1" Score="100" />
        <SpecialItem Id="2" Score="-100" />
	<!--关卡固定衣服-->
        <FixItems>
		<!--固定衣服 Id(int 固定衣服ID)-->
          <Item Id="3" />
          <Item Id="4" />
        </FixItems>
      </RatingFactor>
    </Level>
    <Level Id="0" Name="喜从天降" FinishGrade="0" LimiteTime="0" RewardId="0" DialogId="0">
      <UnLockCondition Type="1" Value="1" />
      <UnLockCondition Type="2" Value="2" />
      <RatingFactor>
        <Style Id="4" Ratio="0.4" />
        <Style Id="6" Ratio="0.2" />
        <Attribute Type="0" Id="6" Ratio="0.15" />
        <Attribute Type="0" Id="7" Ratio="0.15" />
        <SpecialItem Id="1" Score="100" />
        <SpecialItem Id="2" Score="-100" />
        <FixItems>
          <Item Id="3" />
          <Item Id="4" />
        </FixItems>
      </RatingFactor>
    </Level>
  </Map>
</AreaMaps>