﻿<?xml version="1.0" encoding="utf-8"?>

<!--Npc显示位置
左侧  1
中	  2
右侧  3
-->

<LevelDialogList xmlns:xsi="http://www.w3.org/2001/XMLSchema-instance" xmlns:xsd="http://www.w3.org/2001/XMLSchema">
  <LevelDialog Id="1" BackgroundImageId="dialog">
    <Content>
      <NPCS>
	<!--Name NPC名称，Imageid (string Npc图片名);Position NPC位置(参见上方Npc显示位置定义)-->
        <NPC Name="暖暖" ImageId="2" Position="2" />
      </NPCS>
      <!--Value对话内容(string)-->
      <Value>今天天气真好呀呀呀呀呀呀呀</Value>
      <!--Item对话中掉落物品id(int 物品表中唯一id)-->
      <Item>1147925</Item>
      <!--Key是否关键对话(True / False)-->
      <Key>False</Key>
    </Content>
    <Content>
      <NPCS>
        <NPC Name="暖暖" ImageId="2" Position="2" />
        <NPC Name="大喵" Position="0" />
      </NPCS>
      <Value>今天天气真好呀呀呀呀呀呀呀</Value>
      <Item>1147936</Item>
      <Key>False</Key>
    </Content>
  </LevelDialog>
</LevelDialogList>