﻿<?xml version="1.0" encoding="utf-8"?>
<GradeList xmlns:xsi="http://www.w3.org/2001/XMLSchema-instance" xmlns:xsd="http://www.w3.org/2001/XMLSchema">

<!--评级枚举定义
	F 0
	D 1
	C 2
	B 3
	A 4
	S 5
	SS 6
	SSS 7
-->

  <!--Id为评级枚举类型-->
  <Grade Id="0">
    <!--Descs评语内容(string)-->
    <Descs>
      <Desc>你真弱啊哈哈哈</Desc>
      <Desc>你真弱啊哈哈哈</Desc>
    </Descs>
  </Grade>
  <Grade Id="1">
    <Descs>
      <Desc>你真弱啊哈哈哈</Desc>
      <Desc>你真弱啊哈哈哈</Desc>
    </Descs>
  </Grade>
</GradeList>