<?xml version="1.0" encoding="utf-8"?>
<RewardList xmlns:xsi="http://www.w3.org/2001/XMLSchema-instance" xmlns:xsd="http://www.w3.org/2001/XMLSchema">
  <!--Reward 奖励方案id(int 唯一), Num 奖品数量(int >0)-->
  <Reward Id="0" Num="1">
    <!--Item奖励物品,奖励物品id(int 参见gameItemData.xml中的物品id),Ratio发放概率(int > 0)-->
    <Item Id="1000001" Ratio="10" />
    <Item Id="1000002" Ratio="90" />
  </Reward>
  <Reward Id="1" Num="1">
    <Item Id="1000001" Ratio="10" />
    <Item Id="1000002" Ratio="90" />
  </Reward>
</RewardList>